Classy Collections,+27523397572,Palau,11666₽,mode
Fashion Forward,+28609790854,Sao Tome and Principe,38772₽,office
Urban Upmarket,+3592040403,Israel,76592₽,stranger
Body Bliss,+72707987640,Morocco,87203₽,advice
Fine Fabrics,+95365241334,Dominican Republic,37764₽,awareness
Lash Lounge,+42608264494,Colombia,22459₽,perception
Classy Collections,+80410840546,Haiti,96962₽,payment
Modern Maven,+94898725633,Nigeria,57279₽,series
Makeup Maven,+1769269667,Peru,89006₽,midnight
Trendsetting Tailors,+55802024852,Palau,36704₽,pizza
Elite Elegance,+45122648077,Central African Republic,71889₽,nature
Elegant Ensembles,+79315519624,Central African Republic,21247₽,thanks
Refined Rags,+43394741674,Mexico,65812₽,employee
Sophisticated Sewing,+89268050339,Tunisia,78562₽,administration
Salon Suites,+30236810565,Switzerland,51000₽,thanks
Smart Styles,+72334237012,Guinea,19054₽,height
Chic Couture,+83275424192,Tuvalu,32904₽,basket
Modern Maven,+60223759376,Sudan,53182₽,cookie
Posh Patterns,+90414608084,Nepal,13364₽,breath
Chic Couture,+0366714320,Nepal,42460₽,agreement
Chic Boutique,+45359223994,Nicaragua,58879₽,woman
Posh Patterns,+37384558775,Bangladesh,60218₽,concept
Body Bliss,+87815604618,Romania,47786₽,definition
Body Bliss,+71755817680,Equatorial Guinea,23718₽,indication
Glow Getter,+82729299810,Guinea-Bissau,85759₽,community
Smart Styles,+62163374847,San Marino,80454₽,breath
Classy Chic,+8866708274,The Gambia,54253₽,cookie
Modish Mannequins,+79177820924,Nauru,89580₽,stranger
Lash Lounge,+37713221065,Bangladesh,77529₽,description
Haute Hues,+58214762492,Colombia,97122₽,construction
Crisp Creations,+86643578539,Vietnam,29317₽,passenger
Nail Nook,+95852034937,Turkey,91767₽,elevator
Sophisticated Sewing,+63145210954,Canada,29816₽,cigarette
Glamour Galore,+64252769076,Portugal,34903₽,breath
Nail Nook,+1680316220,Japan,40226₽,passenger
Modish Mannequins,+10900235873,Ecuador,38925₽,emphasis
Clipper Cuts,+8407974937,Japan,17492₽,payment
Chic Couture,+19258839894,Brazil,45886₽,signature
Crisp Creations,+74344994490,Seychelles,93367₽,explanation
Beauty Bar,+82333192506,Mexico,71244₽,community
Fashion Forward,+52153846998,Sudan,62409₽,weakness
Clipper Cuts,+53692170709,Ecuador,31423₽,tea
Smart Styles,+59353877929,Uzbekistan,92123₽,injury
Clipper Cuts,+35651824864,Thailand,91080₽,classroom
Makeup Maven,+42811217388,Grenada,94921₽,mixture
Modish Mannequins,+268064948,Nigeria,26367₽,affair
Beauty Bar,+387140688,Somalia,67266₽,analyst
Smart Styles,+75856290217,Slovakia,40585₽,contract
Skin Studio,+15231438098,Bhutan,12168₽,refrigerator
Wellness World,+73607305386,Monaco,78433₽,mixture
Stylish Silhouettes,+95355278978,Mali,64562₽,thanks
Urban Upmarket,+91111073325,Ethiopia,37469₽,employee
Glamour Galore,+27540156476,Turkey,54542₽,mode
Chic Couture,+94362512308,Peru,12639₽,death
Elite Elegance,+62839493232,Sierra Leone,48825₽,mode
Chic Couture,+52578151165,Syria,63214₽,awareness
Modern Maven,+13132218496,Canada,39152₽,family
Fashion Forward,+78573145702,Qatar,26510₽,explanation
Chic Boutique,+45482989763,Cote d'Ivoire,77442₽,assumption
Stellar Stitches,+1543448456,Iran,68857₽,county
Elite Elegance,+79578921195,Lesotho,11359₽,mixture
Posh Patterns,+92470824224,United Kingdom,45315₽,agreement
Smart Styles,+6786301324,Kazakhstan,27104₽,emphasis
Clipper Cuts,+290447021,The Gambia,66787₽,ladder
Lash Lounge,+62364464492,Ethiopia,92186₽,family
